,Temperature,Pressure,Phase,Number Of Components,Component 1,Mole Fraction 1,Component 2,Mole Fraction 2,ExcessMolarVolume Value,ExcessMolarVolume Uncertainty,Density Value,Density Uncertainty,EnthalpyOfVaporization Value,EnthalpyOfVaporization Uncertainty,EnthalpyOfMixing Value,EnthalpyOfMixing Uncertainty,DielectricConstant Value,DielectricConstant Uncertainty
0,298.15 kelvin,101.0 kilopascal,2,2,CCCCOC=O,0.3993,C(CBr)Br,0.6007,-3.713642784410439e-07 meter ** 3 / mole,1.866455919947201e-08 meter ** 3 / mole,,,,,-100.16849157949764 kilogram * meter ** 2 / mole / second ** 2,16.943801472055334 kilogram * meter ** 2 / mole / second ** 2,,
1,298.15 kelvin,101.0 kilopascal,2,2,CCCCOC=O,0.7738,C(CBr)Br,0.2262,-2.51969413118689e-07 meter ** 3 / mole,1.7809701118058482e-08 meter ** 3 / mole,,,,,,,,
2,298.15 kelvin,101.0 kilopascal,2,2,CCCCOC=O,0.7275,C(CBr)Br,0.2725,,,,,,,-167.5684249302576 kilogram * meter ** 2 / mole / second ** 2,19.051247691586823 kilogram * meter ** 2 / mole / second ** 2,,
3,298.15 kelvin,101.0 kilopascal,2,2,C(CBr)Br,0.2547,CCCCOC(=O)C,0.7453000000000001,-3.1807353505271404e-07 meter ** 3 / mole,1.8735336346199862e-08 meter ** 3 / mole,,,,,,,,
4,298.15 kelvin,101.0 kilopascal,2,2,C(CBr)Br,0.2146,CCCCOC(=O)C,0.7854,,,,,,,-264.82523293598933 kilogram * meter ** 2 / mole / second ** 2,17.28881322026022 kilogram * meter ** 2 / mole / second ** 2,,
5,298.15 kelvin,101.0 kilopascal,2,2,C(CBr)Br,0.7476,CCCCOC(=O)C,0.2524,-2.4229198073726544e-07 meter ** 3 / mole,1.8384517905229273e-08 meter ** 3 / mole,,,,,,,,
6,298.15 kelvin,101.0 kilopascal,2,2,C(CBr)Br,0.7661,CCCCOC(=O)C,0.2339,,,,,,,-200.8396329478237 kilogram * meter ** 2 / mole / second ** 2,17.815845562763407 kilogram * meter ** 2 / mole / second ** 2,,
7,298.15 kelvin,101.0 kilopascal,2,2,c1ccccc1,0.2877,CCCCCCCl,0.7122999999999999,-9.017112674675957e-08 meter ** 3 / mole,1.825656960261262e-08 meter ** 3 / mole,,,,,,,,
8,298.15 kelvin,101.0 kilopascal,2,2,c1ccccc1,0.2862,CCCCCCCl,0.7138,,,,,,,147.42675812207744 kilogram * meter ** 2 / mole / second ** 2,17.268118004465872 kilogram * meter ** 2 / mole / second ** 2,,
9,298.15 kelvin,101.0 kilopascal,2,2,c1ccccc1,0.7352,CCCCCCCl,0.26480000000000004,,,,,,,291.6218756165472 kilogram * meter ** 2 / mole / second ** 2,15.94405067583023 kilogram * meter ** 2 / mole / second ** 2,,
10,298.15 kelvin,101.0 kilopascal,2,2,c1ccccc1,0.772,CCCCCCCl,0.228,-1.713274975886816e-08 meter ** 3 / mole,1.780438423216218e-08 meter ** 3 / mole,,,,,,,,
11,308.15 kelvin,101.0 kilopascal,2,2,Cc1ccccc1N,0.2681,c1ccncc1,0.7319,,,,,,,-603.2164251751383 kilogram * meter ** 2 / mole / second ** 2,19.47585078878484 kilogram * meter ** 2 / mole / second ** 2,,
12,298.15 kelvin,101.0 kilopascal,2,2,Cc1ccccc1N,0.2374,c1ccncc1,0.7626,-1.5574437636916585e-07 meter ** 3 / mole,1.6732943486530927e-08 meter ** 3 / mole,,,,,,,,
13,308.15 kelvin,101.0 kilopascal,2,2,Cc1ccccc1N,0.7735,c1ccncc1,0.2265000000000001,,,,,,,-538.338279016898 kilogram * meter ** 2 / mole / second ** 2,17.93704371999931 kilogram * meter ** 2 / mole / second ** 2,,
14,298.15 kelvin,101.0 kilopascal,2,2,Cc1ccccc1N,0.7678,c1ccncc1,0.2322,-1.4367028764277466e-07 meter ** 3 / mole,1.7134810673427615e-08 meter ** 3 / mole,,,,,,,,
15,308.15 kelvin,101.0 kilopascal,2,2,Cc1ccccc1N,0.2715,Cc1ccncc1,0.7284999999999999,,,,,,,-447.6483243704424 kilogram * meter ** 2 / mole / second ** 2,18.658517830444744 kilogram * meter ** 2 / mole / second ** 2,,
16,298.15 kelvin,101.0 kilopascal,2,2,Cc1ccccc1N,0.2655,Cc1ccncc1,0.7344999999999999,-4.9009818591576825e-08 meter ** 3 / mole,1.8595924340781183e-08 meter ** 3 / mole,,,,,,,,
17,308.15 kelvin,101.0 kilopascal,2,2,Cc1ccccc1N,0.7827,Cc1ccncc1,0.21730000000000005,,,,,,,-338.2051792544662 kilogram * meter ** 2 / mole / second ** 2,17.57665375777405 kilogram * meter ** 2 / mole / second ** 2,,
18,298.15 kelvin,101.0 kilopascal,2,2,Cc1ccccc1N,0.7674,Cc1ccncc1,0.2326000000000001,2.7137499289330252e-08 meter ** 3 / mole,1.6988099934119136e-08 meter ** 3 / mole,,,,,,,,
19,298.15 kelvin,101.0 kilopascal,2,2,CS(=O)C,0.22030000000000005,CCC(=O)C,0.7797,,,,,,,73.48996332428578 kilogram * meter ** 2 / mole / second ** 2,17.229096238774567 kilogram * meter ** 2 / mole / second ** 2,,
20,303.15 kelvin,101.0 kilopascal,2,2,CS(=O)C,0.212,CCC(=O)C,0.7879999999999999,-7.858208336996355e-07 meter ** 3 / mole,1.6909324489896126e-08 meter ** 3 / mole,,,,,,,,
21,298.15 kelvin,101.0 kilopascal,2,2,CS(=O)C,0.7615000000000001,CCC(=O)C,0.2385,,,,,,,72.29155335529504 kilogram * meter ** 2 / mole / second ** 2,17.734464348802614 kilogram * meter ** 2 / mole / second ** 2,,
22,303.15 kelvin,101.0 kilopascal,2,2,CS(=O)C,0.7340000000000001,CCC(=O)C,0.266,-6.846972269380317e-07 meter ** 3 / mole,1.9141831682689966e-08 meter ** 3 / mole,,,,,,,,
23,298.15 kelvin,101.0 kilopascal,2,2,CS(=O)C,0.2762,C1CCC(=O)CC1,0.7238,,,,,,,237.77482178493665 kilogram * meter ** 2 / mole / second ** 2,17.945985841183823 kilogram * meter ** 2 / mole / second ** 2,,
24,303.15 kelvin,101.0 kilopascal,2,2,CS(=O)C,0.2241,C1CCC(=O)CC1,0.7759,-1.1596324119003882e-07 meter ** 3 / mole,1.6528757596996313e-08 meter ** 3 / mole,,,,,,,,
25,298.15 kelvin,101.0 kilopascal,2,2,CS(=O)C,0.7569,C1CCC(=O)CC1,0.2431,,,,,,,181.87501256410906 kilogram * meter ** 2 / mole / second ** 2,18.045504229950282 kilogram * meter ** 2 / mole / second ** 2,,
26,303.15 kelvin,101.0 kilopascal,2,2,CS(=O)C,0.7218,C1CCC(=O)CC1,0.2782,-1.8055714472240813e-07 meter ** 3 / mole,1.7720885444619363e-08 meter ** 3 / mole,,,,,,,,
27,299.15 kelvin,101.32 kilopascal,2,2,CC(C)(C)O,0.27780000000000005,COC=O,0.7222,7.156379016741736e-08 meter ** 3 / mole,1.8659958936809784e-08 meter ** 3 / mole,,,,,1768.9164095337474 kilogram * meter ** 2 / mole / second ** 2,16.066941302040114 kilogram * meter ** 2 / mole / second ** 2,,
28,299.15 kelvin,101.32 kilopascal,2,2,CC(C)(C)O,0.7127,COC=O,0.2873,,,,,,,1972.0212958609227 kilogram * meter ** 2 / mole / second ** 2,17.805435738806814 kilogram * meter ** 2 / mole / second ** 2,,
29,299.15 kelvin,101.32 kilopascal,2,2,CC(C)(C)O,0.7581,COC=O,0.2419,2.356686395518483e-07 meter ** 3 / mole,1.7348889065348608e-08 meter ** 3 / mole,,,,,,,,
30,303.15 kelvin,101.32 kilopascal,2,2,CC(C)(C)O,0.25680000000000003,CC(=O)OC,0.7432,3.588029675650236e-07 meter ** 3 / mole,1.8203727142899138e-08 meter ** 3 / mole,,,,,,,,
31,318.15 kelvin,101.32 kilopascal,2,2,CC(C)(C)O,0.2372,CC(=O)OC,0.7628,,,,,,,1486.017538377779 kilogram * meter ** 2 / mole / second ** 2,17.24993485489427 kilogram * meter ** 2 / mole / second ** 2,,
32,303.15 kelvin,101.32 kilopascal,2,2,CC(C)(C)O,0.7519,CC(=O)OC,0.2481,4.019768972029407e-07 meter ** 3 / mole,1.7673974512193072e-08 meter ** 3 / mole,,,,,,,,
33,318.15 kelvin,101.32 kilopascal,2,2,CC(C)(C)O,0.7696000000000001,CC(=O)OC,0.2304,,,,,,,1510.9637566980236 kilogram * meter ** 2 / mole / second ** 2,17.97364021096888 kilogram * meter ** 2 / mole / second ** 2,,
34,303.15 kelvin,101.325 kilopascal,2,2,C(CBr)Br,0.2077,C(=C(Cl)Cl)Cl,0.7923,-1.8097716944144744e-07 meter ** 3 / mole,1.6533583422153102e-08 meter ** 3 / mole,,,,,,,,
35,303.15 kelvin,101.325 kilopascal,2,2,C(CBr)Br,0.7903,C(=C(Cl)Cl)Cl,0.2097,-1.6207379895380794e-07 meter ** 3 / mole,1.6450992342227195e-08 meter ** 3 / mole,,,,,,,,
36,298.15 kelvin,101.3 kilopascal,2,2,C1CCOC1,0.212,C(C(F)(F)F)O,0.7879999999999999,,,,,,,-2570.359807798857 kilogram * meter ** 2 / mole / second ** 2,17.715567033296246 kilogram * meter ** 2 / mole / second ** 2,,
37,298.15 kelvin,101.3 kilopascal,2,2,C1CCOC1,0.7170000000000001,C(C(F)(F)F)O,0.28300000000000003,,,,,,,-3004.549160339171 kilogram * meter ** 2 / mole / second ** 2,18.943685944578494 kilogram * meter ** 2 / mole / second ** 2,,
38,298.15 kelvin,101.0 kilopascal,2,2,C(C(F)(F)F)O,0.29705,CO,0.70295,,,,,,,-469.3532840039916 kilogram * meter ** 2 / mole / second ** 2,18.359780521343716 kilogram * meter ** 2 / mole / second ** 2,,
39,298.15 kelvin,101.0 kilopascal,2,2,C(C(F)(F)F)O,0.70985,CO,0.29015,,,,,,,-334.38016249814245 kilogram * meter ** 2 / mole / second ** 2,17.10721629060324 kilogram * meter ** 2 / mole / second ** 2,,
40,298.15 kelvin,101.0 kilopascal,2,2,C(C(F)(F)F)O,0.29919,CCO,0.7008099999999999,,,,,,,-588.4196607408376 kilogram * meter ** 2 / mole / second ** 2,19.29387827946431 kilogram * meter ** 2 / mole / second ** 2,,
41,298.15 kelvin,101.0 kilopascal,2,2,C(C(F)(F)F)O,0.79638,CCO,0.20362,,,,,,,-260.07299446962134 kilogram * meter ** 2 / mole / second ** 2,17.449418418697604 kilogram * meter ** 2 / mole / second ** 2,,
42,298.15 kelvin,101.0 kilopascal,2,2,C(C(F)(F)F)O,0.20133,CCCO,0.79867,,,,,,,-430.9915362905158 kilogram * meter ** 2 / mole / second ** 2,16.844130291029707 kilogram * meter ** 2 / mole / second ** 2,,
43,298.15 kelvin,101.0 kilopascal,2,2,C(C(F)(F)F)O,0.79867,CCCO,0.20133,,,,,,,-140.3330304046831 kilogram * meter ** 2 / mole / second ** 2,16.8513714435188 kilogram * meter ** 2 / mole / second ** 2,,
44,298.15 kelvin,101.0 kilopascal,2,2,CCC#N,0.2551,C(Cl)(Cl)(Cl)Cl,0.7449,,,,,,,972.8131089620174 kilogram * meter ** 2 / mole / second ** 2,15.066046722221147 kilogram * meter ** 2 / mole / second ** 2,,
45,298.15 kelvin,101.0 kilopascal,2,2,CCC#N,0.7326,C(Cl)(Cl)(Cl)Cl,0.2674,,,,,,,727.1522835707165 kilogram * meter ** 2 / mole / second ** 2,16.185778507217275 kilogram * meter ** 2 / mole / second ** 2,,
46,298.15 kelvin,101.0 kilopascal,2,2,O,0.2554,C(CO)CO,0.7446,-1.4972955194607796e-07 meter ** 3 / mole,1.5190836246715403e-08 meter ** 3 / mole,,,,,,,,
47,298.15 kelvin,101.0 kilopascal,2,2,C(CO)CO,0.2087,O,0.7913,,,,,,,594.1086137419006 kilogram * meter ** 2 / mole / second ** 2,16.927314385208174 kilogram * meter ** 2 / mole / second ** 2,,
48,298.15 kelvin,101.0 kilopascal,2,2,O,0.7551,C(CO)CO,0.2449,-1.3284104137641968e-07 meter ** 3 / mole,1.6354011536331686e-08 meter ** 3 / mole,,,,,,,,
49,298.15 kelvin,101.0 kilopascal,2,2,C(CO)CO,0.743,O,0.257,,,,,,,406.18437793809426 kilogram * meter ** 2 / mole / second ** 2,16.2058106392779 kilogram * meter ** 2 / mole / second ** 2,,
50,298.15 kelvin,101.0 kilopascal,2,2,C(CCO)CO,0.2658,O,0.7342,,,,,,,591.9008837340807 kilogram * meter ** 2 / mole / second ** 2,17.480166559369554 kilogram * meter ** 2 / mole / second ** 2,,
51,298.15 kelvin,101.0 kilopascal,2,2,O,0.2297,C(CCO)CO,0.7703,-1.012198407911787e-07 meter ** 3 / mole,1.6598811189308176e-08 meter ** 3 / mole,,,,,,,,
52,298.15 kelvin,101.0 kilopascal,2,2,O,0.7847,C(CCO)CO,0.2153,-1.7192627293789714e-07 meter ** 3 / mole,1.6679737964994703e-08 meter ** 3 / mole,,,,,,,,
53,298.15 kelvin,101.0 kilopascal,2,2,C(CCO)CO,0.7947,O,0.20530000000000004,,,,,,,133.71116926849754 kilogram * meter ** 2 / mole / second ** 2,16.17392898196314 kilogram * meter ** 2 / mole / second ** 2,,
54,298.15 kelvin,101.0 kilopascal,2,2,CO,0.2,O,0.8,,,,,,,348.7545358779371 kilogram * meter ** 2 / mole / second ** 2,16.29137412144748 kilogram * meter ** 2 / mole / second ** 2,,
55,298.15 kelvin,100.0 kilopascal,2,2,O,0.25,CO,0.75,8.801598832714765e-08 meter ** 3 / mole,1.5803811769558996e-08 meter ** 3 / mole,,,,,,,,
56,298.15 kelvin,101.0 kilopascal,2,2,CO,0.8,O,0.2,,,,,,,225.71124889573184 kilogram * meter ** 2 / mole / second ** 2,14.615932613215083 kilogram * meter ** 2 / mole / second ** 2,,
57,298.15 kelvin,100.0 kilopascal,2,2,O,0.75,CO,0.25,1.7680784927746654e-07 meter ** 3 / mole,1.6482950256176443e-08 meter ** 3 / mole,,,,,,,,
58,298.15 kelvin,101.0 kilopascal,2,2,C(C(F)(F)F)(C(F)(F)F)O,0.205,O,0.795,8.703034201486899e-07 meter ** 3 / mole,1.8709958607715024e-08 meter ** 3 / mole,,,,,,,,
59,298.15 kelvin,101.0 kilopascal,2,2,C(C(F)(F)F)(C(F)(F)F)O,0.8065,O,0.1935,3.368847406700812e-07 meter ** 3 / mole,1.6362117193876358e-08 meter ** 3 / mole,,,,,,,,
60,298.15 kelvin,101.0 kilopascal,2,2,CN1CCCCC1,0.2452,O,0.7548,8.708679537382702e-08 meter ** 3 / mole,1.6656000462628723e-08 meter ** 3 / mole,,,,,,,,
61,298.15 kelvin,101.0 kilopascal,2,2,CN1CCCCC1,0.004409000000000001,O,0.995591,,,,,,,29.27106196709792 kilogram * meter ** 2 / mole / second ** 2,16.037480970234128 kilogram * meter ** 2 / mole / second ** 2,,
62,308.15 kelvin,101.0 kilopascal,2,2,CN1CCCCC1,0.78,O,0.22,1.0245974289663196e-07 meter ** 3 / mole,1.6450163719242414e-08 meter ** 3 / mole,,,,,,,,
63,298.15 kelvin,101.0 kilopascal,2,2,C(CO)O,0.25008,O,0.7499199999999999,-2.5977985321957054e-07 meter ** 3 / mole,1.636161326628279e-08 meter ** 3 / mole,,,,,,,,
64,298.15 kelvin,101.0 kilopascal,2,2,C(CO)O,0.20509999999999995,O,0.7949,,,,,,,364.5940718819138 kilogram * meter ** 2 / mole / second ** 2,16.944777642159053 kilogram * meter ** 2 / mole / second ** 2,,
65,298.15 kelvin,101.0 kilopascal,2,2,C(CO)O,0.7908999999999999,O,0.2091,,,,,,,150.20057373419695 kilogram * meter ** 2 / mole / second ** 2,16.125760470337408 kilogram * meter ** 2 / mole / second ** 2,,
66,298.15 kelvin,101.0 kilopascal,2,2,C(CO)O,0.77876,O,0.22124,-1.402839891276195e-07 meter ** 3 / mole,1.43911639078218e-08 meter ** 3 / mole,,,,,,,,
67,298.15 kelvin,101.0 kilopascal,2,2,C(C(F)(F)F)O,0.29878000000000005,O,0.70122,,,,,,,514.0413723651727 kilogram * meter ** 2 / mole / second ** 2,16.85260411168792 kilogram * meter ** 2 / mole / second ** 2,,
68,298.15 kelvin,101.0 kilopascal,2,2,C(C(F)(F)F)O,0.7077899999999999,O,0.29220999999999997,,,,,,,139.90258573228493 kilogram * meter ** 2 / mole / second ** 2,15.985567078603975 kilogram * meter ** 2 / mole / second ** 2,,
69,297.15 kelvin,101.0 kilopascal,2,2,c1ccncc1,0.27,O,0.73,,,,,,,728.5597878127228 kilogram * meter ** 2 / mole / second ** 2,15.653072385246315 kilogram * meter ** 2 / mole / second ** 2,,
70,297.15 kelvin,101.0 kilopascal,2,2,c1ccncc1,0.75,O,0.25,,,,,,,693.8762973975972 kilogram * meter ** 2 / mole / second ** 2,16.807029199303773 kilogram * meter ** 2 / mole / second ** 2,,
71,298.15 kelvin,101.0 kilopascal,2,2,Cn1ccnc1,0.006766,O,0.993234,,,,,,,70.80725289731163 kilogram * meter ** 2 / mole / second ** 2,14.323036123118387 kilogram * meter ** 2 / mole / second ** 2,,
72,298.15 kelvin,101.0 kilopascal,2,2,Cc1cccnc1,0.005509,O,0.994491,,,,,,,51.45907073127091 kilogram * meter ** 2 / mole / second ** 2,13.035207394534456 kilogram * meter ** 2 / mole / second ** 2,,
73,298.15 kelvin,101.0 kilopascal,2,2,Cc1ccncc1,0.005492,O,0.994508,,,,,,,44.87717153545964 kilogram * meter ** 2 / mole / second ** 2,13.808748594347833 kilogram * meter ** 2 / mole / second ** 2,,
74,298.15 kelvin,101.0 kilopascal,2,2,Cc1cccc(n1)C,0.004618,O,0.995382,,,,,,,2.2079365320714714 kilogram * meter ** 2 / mole / second ** 2,13.921813984443707 kilogram * meter ** 2 / mole / second ** 2,,
75,313.15 kelvin,101.0 kilopascal,2,2,C1COCCN1,0.2968,O,0.7032,,,,,,,-1041.6589941678903 kilogram * meter ** 2 / mole / second ** 2,17.135605291032025 kilogram * meter ** 2 / mole / second ** 2,,
76,298.15 kelvin,101.0 kilopascal,2,2,C1COCCN1,0.7149,O,0.2851,,,,,,,-870.0822629562172 kilogram * meter ** 2 / mole / second ** 2,16.055384719116 kilogram * meter ** 2 / mole / second ** 2,,
77,318.15 kelvin,101.3 kilopascal,2,2,O,0.997504,CCCOC(=O)C,0.002496,,,,,,,-9.784401003249513 kilogram * meter ** 2 / mole / second ** 2,15.133522269233268 kilogram * meter ** 2 / mole / second ** 2,,
78,298.15 kelvin,101.3 kilopascal,2,2,O,0.997803,CCCC(=O)OC,0.002197,,,,,,,7.8565133770462126 kilogram * meter ** 2 / mole / second ** 2,13.08241678596138 kilogram * meter ** 2 / mole / second ** 2,,
79,298.15 kelvin,101.0 kilopascal,2,2,C(COCCO)O,0.20020000000000004,O,0.7998,,,,,,,-165.96841276300984 kilogram * meter ** 2 / mole / second ** 2,19.188866782963863 kilogram * meter ** 2 / mole / second ** 2,,
80,298.15 kelvin,101.0 kilopascal,2,2,C(COCCO)O,0.7906,O,0.2094,,,,,,,-308.1938036380161 kilogram * meter ** 2 / mole / second ** 2,16.379780759862083 kilogram * meter ** 2 / mole / second ** 2,,
81,298.15 kelvin,101.325 kilopascal,2,1,C(CO)O,1.0,,,,,1.0549542836465124 gram / milliliter,0.00032197794921700007 gram / milliliter,63172.7442088818 kilogram * meter ** 2 / mole / second ** 2,129.20859161355366 kilogram * meter ** 2 / mole / second ** 2,,,,
82,303.15 kelvin,101.325 kilopascal,2,1,C(CO)O,1.0,,,,,1.0510116836760965 gram / milliliter,0.0002685573001986794 gram / milliliter,,,,,14.041967548273732 dimensionless,1.40611474965439 dimensionless
83,298.15 kelvin,101.325 kilopascal,2,1,C(CO)CO,1.0,,,,,1.036018841811448 gram / milliliter,0.0003249562754451793 gram / milliliter,75547.27300208187 kilogram * meter ** 2 / mole / second ** 2,233.52699343020092 kilogram * meter ** 2 / mole / second ** 2,,,,
84,298.15 kelvin,101.325 kilopascal,2,1,C(CCO)CO,1.0,,,,,1.0228214438517327 gram / milliliter,0.0004152541750793798 gram / milliliter,80035.76669431184 kilogram * meter ** 2 / mole / second ** 2,259.8449985808808 kilogram * meter ** 2 / mole / second ** 2,,,,
85,298.15 kelvin,101.325 kilopascal,2,1,c1ccccc1,1.0,,,,,0.8699715691439087 gram / milliliter,0.00032035499571549954 gram / milliliter,,,,,,
86,298.0 kelvin,101.325 kilopascal,6,1,c1ccccc1,1.0,,,,,,,35704.68779078837 kilogram * meter ** 2 / mole / second ** 2,231.51333944855665 kilogram * meter ** 2 / mole / second ** 2,,,,
87,303.15 kelvin,101.325 kilopascal,2,1,CCO,1.0,,,,,0.8044816825589373 gram / milliliter,0.00034830817122744387 gram / milliliter,,,,,9.911013600983994 dimensionless,1.3195601344608505 dimensionless
88,298.15 kelvin,101.325 kilopascal,2,1,CCCCOC(=O)C,1.0,,,,,0.9098798424203728 gram / milliliter,0.00036046819640972645 gram / milliliter,,,,,,
89,298.15 kelvin,101.325 kilopascal,2,1,CCC(=O)C,1.0,,,,,0.8041649843965157 gram / milliliter,0.00031762115009885644 gram / milliliter,,,,,,
90,298.15 kelvin,101.325 kilopascal,2,1,Cc1ccccc1N,1.0,,,,,1.0221750583469371 gram / milliliter,0.0003862677197213279 gram / milliliter,,,,,,
91,298.15 kelvin,101.325 kilopascal,2,1,C1CCOC1,1.0,,,,,0.8757431866164895 gram / milliliter,0.00035812184768197294 gram / milliliter,,,,,,
92,298.15 kelvin,101.325 kilopascal,2,1,C(C(F)(F)F)O,1.0,,,,,1.3679534483678253 gram / milliliter,0.0003773655230748639 gram / milliliter,,,,,,
93,298.15 kelvin,101.325 kilopascal,2,1,C1CCC(=O)CC1,1.0,,,,,0.959404345173071 gram / milliliter,0.000395964958884088 gram / milliliter,,,,,8.946109729880074 dimensionless,0.6967419815145721 dimensionless
94,298.15 kelvin,100.0 kilopascal,2,1,CC(C)(C)O,1.0,,,,,0.8909937104319877 gram / milliliter,0.0004019249319578732 gram / milliliter,,,,,1.84054256952584 dimensionless,0.158505546051345 dimensionless
95,298.15 kelvin,101.325 kilopascal,2,1,CCCOC(=O)C,1.0,,,,,0.9143400200320485 gram / milliliter,0.0003525849431450189 gram / milliliter,,,,,,
96,298.15 kelvin,101.325 kilopascal,2,1,CC(=O)OC,1.0,,,,,0.9150083091431308 gram / milliliter,0.00037907119380935477 gram / milliliter,,,,,,
97,300.15 kelvin,101.325 kilopascal,2,1,CCCO,1.0,,,,,0.822993864740211 gram / milliliter,0.0002257999455244169 gram / milliliter,,,,,9.277777788438032 dimensionless,1.235551964846176 dimensionless
98,303.15 kelvin,101.0 kilopascal,2,1,CS(=O)C,1.0,,,,,0.9469976186783845 gram / milliliter,9.996950336204498e-05 gram / milliliter,,,,,44.57933698057637 dimensionless,1.325817262590484 dimensionless
99,298.15 kelvin,101.0 kilopascal,2,1,CO,1.0,,,,,0.7426191023323733 gram / milliliter,0.00022829518002451387 gram / milliliter,,,,,20.2860959546191 dimensionless,1.1129212332571445 dimensionless
100,298.15 kelvin,101.325 kilopascal,2,1,c1ccncc1,1.0,,,,,0.9859805143533684 gram / milliliter,0.0003067772886116867 gram / milliliter,,,,,,
101,298.15 kelvin,101.325 kilopascal,2,1,COC=O,1.0,,,,,0.9147339233958027 gram / milliliter,0.00042430561231188293 gram / milliliter,,,,,,
102,298.15 kelvin,101.325 kilopascal,2,1,CCCCOC=O,1.0,,,,,0.9086095663748084 gram / milliliter,0.00038564659514796093 gram / milliliter,,,,,,
103,298.15 kelvin,101.325 kilopascal,2,1,C(=C(Cl)Cl)Cl,1.0,,,,,1.3978024481992608 gram / milliliter,0.0004349530374853879 gram / milliliter,,,,,,
104,295.15 kelvin,101.325 kilopascal,2,1,C(CBr)Br,1.0,,,,,2.1216469476626587 gram / milliliter,0.00038794683549514043 gram / milliliter,,,,,,
105,298.15 kelvin,101.325 kilopascal,2,1,CCCC(=O)OC,1.0,,,,,0.899156799798763 gram / milliliter,0.00036634616612945636 gram / milliliter,,,,,,
106,298.15 kelvin,101.325 kilopascal,2,1,C(Cl)(Cl)(Cl)Cl,1.0,,,,,1.6247074985721066 gram / milliliter,0.0004224921419028405 gram / milliliter,,,,,,
107,298.15 kelvin,101.325 kilopascal,2,1,C(C(F)(F)F)(C(F)(F)F)O,1.0,,,,,1.6356532585829153 gram / milliliter,0.0004325793306287667 gram / milliliter,,,,,,
108,298.15 kelvin,101.0 kilopascal,2,1,C(COCCO)O,1.0,,,,,1.0583748452499433 gram / milliliter,0.0003720060796529822 gram / milliliter,,,,,5.665656732504943 dimensionless,0.8361517677188328 dimensionless
109,298.15 kelvin,101.325 kilopascal,2,1,CCCCCCCl,1.0,,,,,0.8907485859570843 gram / milliliter,0.00036504198983914146 gram / milliliter,,,,,,
110,298.15 kelvin,101.325 kilopascal,2,1,Cc1ccncc1,1.0,,,,,0.9818154351699845 gram / milliliter,0.00030944229592348656 gram / milliliter,,,,,,
111,298.15 kelvin,101.325 kilopascal,2,1,CCC#N,1.0,,,,,0.8125018496345685 gram / milliliter,0.00034880062675634975 gram / milliliter,,,,,,
112,298.15 kelvin,101.325 kilopascal,2,1,C1COCCN1,1.0,,,,,0.9627961573712834 gram / milliliter,0.00032486538759159535 gram / milliliter,,,,,,
113,298.15 kelvin,101.325 kilopascal,2,1,Cc1cccnc1,1.0,,,,,0.9769752681181723 gram / milliliter,0.0003099337759760624 gram / milliliter,,,,,,
114,298.15 kelvin,101.325 kilopascal,2,1,Cn1ccnc1,1.0,,,,,1.0073500196823304 gram / milliliter,0.0002706313790101898 gram / milliliter,,,,,,
115,298.15 kelvin,101.325 kilopascal,2,1,CN1CCCCC1,1.0,,,,,0.8461081510947736 gram / milliliter,0.0003485362056082889 gram / milliliter,,,,,,
116,298.15 kelvin,101.325 kilopascal,2,1,Cc1cccc(n1)C,1.0,,,,,0.9662109414044072 gram / milliliter,0.000304945019379009 gram / milliliter,,,,,,
117,298.15 kelvin,101.325 kilopascal,6,1,COc1ccccn1,1.0,,,,,,,54418.18379688658 kilogram * meter ** 2 / mole / second ** 2,192.54135776541693 kilogram * meter ** 2 / mole / second ** 2,,,,
118,298.15 kelvin,101.325 kilopascal,6,1,COc1ccncc1,1.0,,,,,,,58464.64158190068 kilogram * meter ** 2 / mole / second ** 2,188.8083507791714 kilogram * meter ** 2 / mole / second ** 2,,,,
119,298.15 kelvin,101.325 kilopascal,6,1,CCOC(=O)/C=C(/C)\O,1.0,,,,,,,50590.530307290705 kilogram * meter ** 2 / mole / second ** 2,293.2003520815274 kilogram * meter ** 2 / mole / second ** 2,,,,
120,298.15 kelvin,101.325 kilopascal,6,1,c1ccc(c(c1)F)Cl,1.0,,,,,,,42142.09325458925 kilogram * meter ** 2 / mole / second ** 2,232.62646921218095 kilogram * meter ** 2 / mole / second ** 2,,,,
121,298.15 kelvin,101.325 kilopascal,6,1,c1cc(cc(c1)Cl)F,1.0,,,,,,,39937.32060175931 kilogram * meter ** 2 / mole / second ** 2,225.19425860566594 kilogram * meter ** 2 / mole / second ** 2,,,,
122,298.15 kelvin,101.325 kilopascal,6,1,c1ccc(c(c1)F)Br,1.0,,,,,,,44307.639493762756 kilogram * meter ** 2 / mole / second ** 2,230.47600896099505 kilogram * meter ** 2 / mole / second ** 2,,,,
123,298.15 kelvin,101.325 kilopascal,6,1,CC(=O)c1ccco1,1.0,,,,,,,46831.22654095147 kilogram * meter ** 2 / mole / second ** 2,254.29025163734403 kilogram * meter ** 2 / mole / second ** 2,,,,
124,298.15 kelvin,101.325 kilopascal,6,1,CC(=CCOC(=O)C)C,1.0,,,,,,,49221.00406604763 kilogram * meter ** 2 / mole / second ** 2,231.56861228584864 kilogram * meter ** 2 / mole / second ** 2,,,,
125,298.15 kelvin,101.325 kilopascal,6,1,C/C=C/C=C/COC(=O)C,1.0,,,,,,,59315.45008645976 kilogram * meter ** 2 / mole / second ** 2,325.66093960351697 kilogram * meter ** 2 / mole / second ** 2,,,,
126,298.15 kelvin,101.325 kilopascal,6,1,CC(=O)OCCc1ccccc1,1.0,,,,,,,71060.17609502678 kilogram * meter ** 2 / mole / second ** 2,355.1515612828258 kilogram * meter ** 2 / mole / second ** 2,,,,
127,298.15 kelvin,101.325 kilopascal,6,1,COc1cccc(c1)O,1.0,,,,,,,76060.7001877777 kilogram * meter ** 2 / mole / second ** 2,199.06896618343248 kilogram * meter ** 2 / mole / second ** 2,,,,
128,298.15 kelvin,101.325 kilopascal,6,1,COc1cccc(c1OC)O,1.0,,,,,,,75534.24187671824 kilogram * meter ** 2 / mole / second ** 2,331.4684369499289 kilogram * meter ** 2 / mole / second ** 2,,,,
129,298.15 kelvin,101.325 kilopascal,6,1,Cc1ccsc1C(=O)C,1.0,,,,,,,55381.26281198499 kilogram * meter ** 2 / mole / second ** 2,285.0907357497586 kilogram * meter ** 2 / mole / second ** 2,,,,
130,298.15 kelvin,101.325 kilopascal,6,1,Cc1cc(sc1)C(=O)C,1.0,,,,,,,56188.03476043358 kilogram * meter ** 2 / mole / second ** 2,275.3103614182953 kilogram * meter ** 2 / mole / second ** 2,,,,
131,298.15 kelvin,101.325 kilopascal,6,1,c1coc2c1C(=O)CCC2,1.0,,,,,,,59677.585261777574 kilogram * meter ** 2 / mole / second ** 2,289.1411676793886 kilogram * meter ** 2 / mole / second ** 2,,,,
132,298.15 kelvin,101.325 kilopascal,6,1,Cn1cccc1C(=O)OC,1.0,,,,,,,72766.45787791384 kilogram * meter ** 2 / mole / second ** 2,319.91958509276526 kilogram * meter ** 2 / mole / second ** 2,,,,
133,298.15 kelvin,101.325 kilopascal,6,1,CCOC(=O)c1cccs1,1.0,,,,,,,67180.93625226698 kilogram * meter ** 2 / mole / second ** 2,290.926161685573 kilogram * meter ** 2 / mole / second ** 2,,,,
134,298.15 kelvin,101.325 kilopascal,6,1,CCOC(=O)CN=[N+]=[N-],1.0,,,,,,,59801.80467191495 kilogram * meter ** 2 / mole / second ** 2,260.0213442299412 kilogram * meter ** 2 / mole / second ** 2,,,,
135,298.15 kelvin,101.325 kilopascal,6,1,Cc1ccc(s1)C=O,1.0,,,,,,,49405.839617553 kilogram * meter ** 2 / mole / second ** 2,178.7717425071755 kilogram * meter ** 2 / mole / second ** 2,,,,
136,298.15 kelvin,101.325 kilopascal,6,1,Cc1ccsc1C=O,1.0,,,,,,,53022.03803111468 kilogram * meter ** 2 / mole / second ** 2,166.08236502115585 kilogram * meter ** 2 / mole / second ** 2,,,,
137,298.15 kelvin,101.325 kilopascal,6,1,CCc1ccc(s1)C=O,1.0,,,,,,,52887.7011790654 kilogram * meter ** 2 / mole / second ** 2,273.194008288859 kilogram * meter ** 2 / mole / second ** 2,,,,
138,298.15 kelvin,101.325 kilopascal,6,1,c1cc(sc1)CC#N,1.0,,,,,,,61403.537392087026 kilogram * meter ** 2 / mole / second ** 2,233.2718676210262 kilogram * meter ** 2 / mole / second ** 2,,,,
139,298.15 kelvin,101.325 kilopascal,6,1,c1cscc1CC#N,1.0,,,,,,,59959.43183671477 kilogram * meter ** 2 / mole / second ** 2,176.09147144932604 kilogram * meter ** 2 / mole / second ** 2,,,,
140,298.15 kelvin,101.325 kilopascal,6,1,Cc1ccsc1C#N,1.0,,,,,,,54111.892394756265 kilogram * meter ** 2 / mole / second ** 2,239.22360972315985 kilogram * meter ** 2 / mole / second ** 2,,,,
141,298.15 kelvin,101.325 kilopascal,6,1,CC(=O)c1ccccc1OC,1.0,,,,,,,68034.85471050529 kilogram * meter ** 2 / mole / second ** 2,214.47616718182329 kilogram * meter ** 2 / mole / second ** 2,,,,
142,298.15 kelvin,101.325 kilopascal,6,1,CC(=O)c1cccc(c1)OC,1.0,,,,,,,73657.21139506932 kilogram * meter ** 2 / mole / second ** 2,323.6817676623246 kilogram * meter ** 2 / mole / second ** 2,,,,
143,303.15 kelvin,101.325 kilopascal,2,1,CN(C)C=O,1.0,,,,,0.8607442300563939 gram / milliliter,0.00018501160321292555 gram / milliliter,,,,,18.660787070412006 dimensionless,1.326381615222092 dimensionless
144,303.15 kelvin,101.325 kilopascal,2,1,CC(=O)N(C)C,1.0,,,,,0.8840802064428678 gram / milliliter,0.00015039543850733187 gram / milliliter,,,,,21.591984354227748 dimensionless,1.347796094156981 dimensionless
145,298.15 kelvin,101.325 kilopascal,2,1,c1ccc2c(c1)ccs2,1.0,,,,,1.1580319050192365 gram / milliliter,0.00040783594363180426 gram / milliliter,,,,,,
146,298.15 kelvin,101.0 kilopascal,2,1,CC(C)CO,1.0,,,,,0.8466569041585655 gram / milliliter,0.0004128212956890924 gram / milliliter,,,,,6.287299775811832 dimensionless,1.0630000756368827 dimensionless
147,298.15 kelvin,101.0 kilopascal,2,1,CCCCO,1.0,,,,,0.8363554404522735 gram / milliliter,0.0003714838841300655 gram / milliliter,,,,,5.8522336256722385 dimensionless,0.9759331376979902 dimensionless
148,303.15 kelvin,101.0 kilopascal,2,1,C(CO)N,1.0,,,,,0.9466003667607238 gram / milliliter,0.00030717159040874616 gram / milliliter,,,,,11.198551018220533 dimensionless,1.0534265758231314 dimensionless
149,303.15 kelvin,101.325 kilopascal,2,1,C(CO)NCCO,1.0,,,,,1.0269563579504195 gram / milliliter,0.00032858900538665874 gram / milliliter,,,,,2.5189736696082665 dimensionless,0.37827854243210773 dimensionless
150,303.15 kelvin,101.325 kilopascal,2,1,C(CO)N(CCO)CCO,1.0,,,,,1.061459497522629 gram / milliliter,0.00024735525466756654 gram / milliliter,,,,,3.194762777747306 dimensionless,0.32837015936830777 dimensionless
151,300.15 kelvin,101.325 kilopascal,2,1,CC(C)O,1.0,,,,,0.8518650484021458 gram / milliliter,0.00019199261295373065 gram / milliliter,,,,,12.957168686045947 dimensionless,1.3374278971511586 dimensionless
152,298.15 kelvin,100.0 kilopascal,2,1,CCCCCCO,1.0,,,,,0.8550356909072356 gram / milliliter,0.00042453133835491415 gram / milliliter,,,,,4.999125067666923 dimensionless,1.0583239894289884 dimensionless
153,298.15 kelvin,100.0 kilopascal,2,1,CCCCCCCO,1.0,,,,,0.8629313103662313 gram / milliliter,0.0003648243367265534 gram / milliliter,,,,,3.9036922730238786 dimensionless,0.5824751675186791 dimensionless
154,298.15 kelvin,101.325 kilopascal,2,1,CCCCCO,1.0,,,,,0.8464799511844422 gram / milliliter,0.00032690946028662366 gram / milliliter,,,,,1.9274899150032132 dimensionless,0.1318565908266597 dimensionless
155,298.15 kelvin,100.0 kilopascal,2,1,CCCCCCCCO,1.0,,,,,0.8690117522088809 gram / milliliter,0.00037629324027907266 gram / milliliter,,,,,1.4392300472522728 dimensionless,0.08372586285163036 dimensionless
156,303.15 kelvin,101.325 kilopascal,2,1,CN(CCO)CCO,1.0,,,,,0.9788819899279066 gram / milliliter,0.0004151208610048769 gram / milliliter,,,,,4.30387781932334 dimensionless,0.7828636403644251 dimensionless
157,298.15 kelvin,101.325 kilopascal,2,1,c1cc(cc(c1)Br)Cl,1.0,,,,,1.628005388838217 gram / milliliter,0.00034968591838368846 gram / milliliter,,,,,,
158,298.15 kelvin,101.325 kilopascal,2,1,c1ccc(c(c1)Cl)Br,1.0,,,,,1.643354220967011 gram / milliliter,0.00032585659646910573 gram / milliliter,,,,,,
159,298.15 kelvin,101.0 kilopascal,2,1,C1CCS(=O)(=O)C1,1.0,,,,,1.1856256276036004 gram / milliliter,8.559387993315103e-05 gram / milliliter,,,,,29.30851550351737 dimensionless,1.3300984613190279 dimensionless
160,303.15 kelvin,101.325 kilopascal,2,1,CC(C)(CO)N,1.0,,,,,0.9694877434505845 gram / milliliter,0.0003134569783316331 gram / milliliter,,,,,9.36690812478547 dimensionless,0.9330665850191763 dimensionless
161,298.15 kelvin,101.0 kilopascal,2,1,CCCOCCO,1.0,,,,,0.9092774130977325 gram / milliliter,0.0003045277240390471 gram / milliliter,,,,,5.4459431000503 dimensionless,0.7665657817391465 dimensionless
162,298.15 kelvin,101.0 kilopascal,2,1,C(COCCOCCO)O,1.0,,,,,1.0557822777583286 gram / milliliter,0.00036530902383212954 gram / milliliter,,,,,6.240042788750153 dimensionless,0.6659482251104595 dimensionless
163,298.15 kelvin,101.325 kilopascal,2,1,CC(=C)C(=O)OCCO,1.0,,,,,1.0400898244169967 gram / milliliter,0.0003969050625932103 gram / milliliter,,,,,,
164,293.15 kelvin,101.325 kilopascal,2,1,C(=O)(C(F)(F)F)O,1.0,,,,,1.5565365819279886 gram / milliliter,0.0004283075174579912 gram / milliliter,,,,,,
165,296.1 kelvin,101.325 kilopascal,2,1,c1cc(ccc1F)F,1.0,,,,,1.1023515914869575 gram / milliliter,0.00041962937022811214 gram / milliliter,,,,,,
166,296.3 kelvin,101.325 kilopascal,2,1,c1c(cc(c(c1F)F)F)F,1.0,,,,,1.2938952749098311 gram / milliliter,0.0004177378951470572 gram / milliliter,,,,,,
167,298.15 kelvin,101.325 kilopascal,2,1,c1cc[nH]c1,1.0,,,,,0.9944268486860545 gram / milliliter,0.0003589536126500273 gram / milliliter,,,,,,
168,298.15 kelvin,101.0 kilopascal,2,1,C1CC(=O)OC1,1.0,,,,,1.10566169653662 gram / milliliter,0.00010131415173025875 gram / milliliter,,,,,34.792929228135456 dimensionless,1.4187886940413326 dimensionless
169,298.15 kelvin,101.325 kilopascal,2,1,C(CBr)Cl,1.0,,,,,1.6445554841091201 gram / milliliter,0.0003827111400383927 gram / milliliter,,,,,,
170,298.15 kelvin,101.325 kilopascal,2,1,C(CCl)CBr,1.0,,,,,1.5397607663076367 gram / milliliter,0.0003968802051851278 gram / milliliter,,,,,,
171,298.15 kelvin,101.325 kilopascal,2,1,C(CCBr)CCl,1.0,,,,,1.4631828505698339 gram / milliliter,0.0003357000453504459 gram / milliliter,,,,,,
172,293.2195 kelvin,100.049 kilopascal,2,1,C(C(F)(F)F)F,1.0,,,,,1.2123954177018215 gram / milliliter,0.00043772957277164227 gram / milliliter,,,,,,
173,293.0 kelvin,101.325 kilopascal,2,1,C=CCCl,1.0,,,,,0.8821828600224265 gram / milliliter,0.0002350669597108192 gram / milliliter,,,,,,
174,303.15 kelvin,101.325 kilopascal,2,1,CN(C)CCO,1.0,,,,,0.8481952921625868 gram / milliliter,0.0002010495650160747 gram / milliliter,,,,,9.13121693565239 dimensionless,1.3919620802622699 dimensionless
175,298.15 kelvin,101.325 kilopascal,2,1,C1CCC(=O)C1,1.0,,,,,0.9527179099473462 gram / milliliter,0.00039673750126936063 gram / milliliter,,,,,9.172510956565533 dimensionless,0.5974462521708814 dimensionless
176,303.28 kelvin,100.4 kilopascal,2,1,C(=C(F)F)(C(F)(F)F)F,1.0,,,,,1.2542935892194935 gram / milliliter,0.0004220134118853462 gram / milliliter,,,,,,
177,293.15 kelvin,101.325 kilopascal,2,1,c1ccoc1,1.0,,,,,0.977527567321081 gram / milliliter,0.0003518731853507141 gram / milliliter,,,,,,
178,298.15 kelvin,101.325 kilopascal,2,1,C(C(C(C(C(F)(F)Br)(F)F)(F)F)(F)F)(C(C(C(F)(F)F)(F)F)(F)F)(F)F,1.0,,,,,2.0403867169467143 gram / milliliter,0.00038525145446016403 gram / milliliter,,,,,,
179,289.15 kelvin,101.325 kilopascal,2,1,CC=O,1.0,,,,,0.7775463996172127 gram / milliliter,0.000409719417214961 gram / milliliter,,,,,,
180,298.15 kelvin,101.0 kilopascal,2,1,CC(=O)c1cccs1,1.0,,,,,1.1507818436640644 gram / milliliter,0.00012554879875690297 gram / milliliter,,,,,17.18994793975065 dimensionless,1.1308228762752592 dimensionless
181,293.15 kelvin,101.0 kilopascal,2,1,C(C(Br)Br)(Br)Br,1.0,,,,,3.0569649960521814 gram / milliliter,0.000353004915540269 gram / milliliter,,,,,,
182,298.15 kelvin,101.325 kilopascal,2,1,C(Cl)(Cl)(Cl)Br,1.0,,,,,2.0489253319245972 gram / milliliter,0.0003996746897903598 gram / milliliter,,,,,,
183,298.15 kelvin,101.0 kilopascal,2,1,c1cnc(nc1O)O,1.0,,,,,1.4416314033076907 gram / milliliter,0.00039343578316249046 gram / milliliter,,,,,,
184,303.15 kelvin,101.325 kilopascal,2,1,CSSC,1.0,,,,,0.9558673539924621 gram / milliliter,0.00041740824094637795 gram / milliliter,,,,,,
