,Temperature,Pressure,Phase,Number Of Components,Component 1,Mole Fraction 1,Component 2,Mole Fraction 2,ExcessMolarVolume Value,ExcessMolarVolume Uncertainty,EnthalpyOfVaporization Value,EnthalpyOfVaporization Uncertainty,Density Value,Density Uncertainty,EnthalpyOfMixing Value,EnthalpyOfMixing Uncertainty,DielectricConstant Value,DielectricConstant Uncertainty
0,303.15 kelvin,101.325 kilopascal,2,2,C(CBr)Br,0.7903,C(=C(Cl)Cl)Cl,0.2097,8.173744981020332e-08 meter ** 3 / mole,1.6356376743412292e-08 meter ** 3 / mole,,,,,,,,
1,303.15 kelvin,101.325 kilopascal,2,2,C(CBr)Br,0.2077,C(=C(Cl)Cl)Cl,0.7923,6.066614939661305e-08 meter ** 3 / mole,1.7858130120090014e-08 meter ** 3 / mole,,,,,,,,
2,298.15 kelvin,101.325 kilopascal,2,1,C(=C(Cl)Cl)Cl,1.0,,,,,,,1.388660379003094 gram / milliliter,0.00041830827879380254 gram / milliliter,,,,
3,303.28 kelvin,100.4 kilopascal,2,1,C(=C(F)F)(C(F)(F)F)F,1.0,,,,,,,1.1720130126033836 gram / milliliter,0.0004205158379665332 gram / milliliter,,,,
4,293.15 kelvin,101.325 kilopascal,2,1,C(=O)(C(F)(F)F)O,1.0,,,,,,,1.555204593290386 gram / milliliter,0.00041978111958242056 gram / milliliter,,,,
5,293.15 kelvin,101.0 kilopascal,2,1,C(C(Br)Br)(Br)Br,1.0,,,,,,,2.390297151755067 gram / milliliter,0.00037821810178695597 gram / milliliter,,,,
6,298.15 kelvin,101.325 kilopascal,2,1,C(C(C(C(C(F)(F)Br)(F)F)(F)F)(F)F)(C(C(C(F)(F)F)(F)F)(F)F)(F)F,1.0,,,,,,,1.8708473746198622 gram / milliliter,0.0003539276672532602 gram / milliliter,,,,
7,298.15 kelvin,101.0 kilopascal,2,2,C(C(F)(F)F)(C(F)(F)F)O,0.205,O,0.795,-3.666963878081397e-07 meter ** 3 / mole,1.4963981713224944e-08 meter ** 3 / mole,,,,,,,,
8,298.15 kelvin,101.0 kilopascal,2,2,C(C(F)(F)F)(C(F)(F)F)O,0.8065,O,0.1935,-1.0704834877171355e-07 meter ** 3 / mole,1.492707323499144e-08 meter ** 3 / mole,,,,,,,,
9,298.15 kelvin,101.325 kilopascal,2,1,C(C(F)(F)F)(C(F)(F)F)O,1.0,,,,,,,1.531907507978872 gram / milliliter,0.0004063647375065542 gram / milliliter,,,,
10,293.2195 kelvin,100.049 kilopascal,2,1,C(C(F)(F)F)F,1.0,,,,,,,1.1637708560962108 gram / milliliter,0.0004185062004293303 gram / milliliter,,,,
11,298.15 kelvin,101.0 kilopascal,2,2,C(C(F)(F)F)O,0.20133,CCCO,0.79867,,,,,,,-424.7727032873008 kilogram * meter ** 2 / mole / second ** 2,16.590085783839385 kilogram * meter ** 2 / mole / second ** 2,,
12,298.15 kelvin,101.3 kilopascal,2,2,C1CCOC1,0.7170000000000001,C(C(F)(F)F)O,0.28300000000000003,,,,,,,-1628.596672429936 kilogram * meter ** 2 / mole / second ** 2,17.60289728103924 kilogram * meter ** 2 / mole / second ** 2,,
13,298.15 kelvin,101.0 kilopascal,2,2,C(C(F)(F)F)O,0.29705,CO,0.70295,,,,,,,-566.0973231608368 kilogram * meter ** 2 / mole / second ** 2,17.677900961440386 kilogram * meter ** 2 / mole / second ** 2,,
14,298.15 kelvin,101.0 kilopascal,2,2,C(C(F)(F)F)O,0.29878000000000005,O,0.70122,,,,,,,477.0130404222182 kilogram * meter ** 2 / mole / second ** 2,17.204559663402645 kilogram * meter ** 2 / mole / second ** 2,,
15,298.15 kelvin,101.0 kilopascal,2,2,C(C(F)(F)F)O,0.29919,CCO,0.7008099999999999,,,,,,,-554.2812884640298 kilogram * meter ** 2 / mole / second ** 2,19.08030820434863 kilogram * meter ** 2 / mole / second ** 2,,
16,298.15 kelvin,101.0 kilopascal,2,2,C(C(F)(F)F)O,0.7077899999999999,O,0.29220999999999997,,,,,,,707.0107924465556 kilogram * meter ** 2 / mole / second ** 2,16.704849885576873 kilogram * meter ** 2 / mole / second ** 2,,
17,298.15 kelvin,101.0 kilopascal,2,2,C(C(F)(F)F)O,0.70985,CO,0.29015,,,,,,,-493.2734304125188 kilogram * meter ** 2 / mole / second ** 2,16.94211582554708 kilogram * meter ** 2 / mole / second ** 2,,
18,298.15 kelvin,101.3 kilopascal,2,2,C1CCOC1,0.212,C(C(F)(F)F)O,0.7879999999999999,,,,,,,-1274.3198724695249 kilogram * meter ** 2 / mole / second ** 2,17.15951092441953 kilogram * meter ** 2 / mole / second ** 2,,
19,298.15 kelvin,101.0 kilopascal,2,2,C(C(F)(F)F)O,0.79638,CCO,0.20362,,,,,,,-302.2431781216874 kilogram * meter ** 2 / mole / second ** 2,17.299084264452105 kilogram * meter ** 2 / mole / second ** 2,,
20,298.15 kelvin,101.0 kilopascal,2,2,C(C(F)(F)F)O,0.79867,CCCO,0.20133,,,,,,,-227.42775444335712 kilogram * meter ** 2 / mole / second ** 2,16.00265032972802 kilogram * meter ** 2 / mole / second ** 2,,
21,298.15 kelvin,101.325 kilopascal,2,1,C(C(F)(F)F)O,1.0,,,,,,,1.3291020496233013 gram / milliliter,0.00037093027287406406 gram / milliliter,,,,
22,298.15 kelvin,101.0 kilopascal,2,2,C(CBr)Br,0.2146,CCCCOC(=O)C,0.7854,,,,,,,-838.8501270817724 kilogram * meter ** 2 / mole / second ** 2,16.14291315528478 kilogram * meter ** 2 / mole / second ** 2,,
23,298.15 kelvin,101.0 kilopascal,2,2,CCCCOC=O,0.7738,C(CBr)Br,0.2262,-5.941678200542549e-07 meter ** 3 / mole,1.7709339767314632e-08 meter ** 3 / mole,,,,,,,,
24,298.15 kelvin,101.0 kilopascal,2,2,C(CBr)Br,0.2547,CCCCOC(=O)C,0.7453000000000001,-6.405667834367469e-07 meter ** 3 / mole,1.7977451755974547e-08 meter ** 3 / mole,,,,,,,,
25,298.15 kelvin,101.0 kilopascal,2,2,CCCCOC=O,0.7275,C(CBr)Br,0.2725,,,,,,,-573.9653167842189 kilogram * meter ** 2 / mole / second ** 2,17.718821170368216 kilogram * meter ** 2 / mole / second ** 2,,
26,298.15 kelvin,101.0 kilopascal,2,2,CCCCOC=O,0.3993,C(CBr)Br,0.6007,-7.679894787061386e-07 meter ** 3 / mole,1.859003356225658e-08 meter ** 3 / mole,,,,,-487.2211628922996 kilogram * meter ** 2 / mole / second ** 2,16.160345858336782 kilogram * meter ** 2 / mole / second ** 2,,
27,298.15 kelvin,101.0 kilopascal,2,2,C(CBr)Br,0.7476,CCCCOC(=O)C,0.2524,-7.826849741417858e-07 meter ** 3 / mole,1.7839321463169337e-08 meter ** 3 / mole,,,,,,,,
28,298.15 kelvin,101.0 kilopascal,2,2,C(CBr)Br,0.7661,CCCCOC(=O)C,0.2339,,,,,,,-897.4648475739941 kilogram * meter ** 2 / mole / second ** 2,16.658761202517148 kilogram * meter ** 2 / mole / second ** 2,,
29,295.15 kelvin,101.325 kilopascal,2,1,C(CBr)Br,1.0,,,,,,,1.8301592712019925 gram / milliliter,0.00039015726551956925 gram / milliliter,,,,
30,298.15 kelvin,101.325 kilopascal,2,1,C(CBr)Cl,1.0,,,,,,,1.550804507809034 gram / milliliter,0.0003819083115070613 gram / milliliter,,,,
31,298.15 kelvin,101.325 kilopascal,2,1,C(CCBr)CCl,1.0,,,,,,,1.3787460657598392 gram / milliliter,0.0004435418479872857 gram / milliliter,,,,
32,298.15 kelvin,101.0 kilopascal,2,2,O,0.7847,C(CCO)CO,0.2153,-2.038672138862034e-07 meter ** 3 / mole,1.203259382950241e-08 meter ** 3 / mole,,,,,,,,
33,298.15 kelvin,101.0 kilopascal,2,2,C(CCO)CO,0.2658,O,0.7342,,,,,,,240.64609450339412 kilogram * meter ** 2 / mole / second ** 2,18.216160267514674 kilogram * meter ** 2 / mole / second ** 2,,
34,298.15 kelvin,101.0 kilopascal,2,2,O,0.2297,C(CCO)CO,0.7703,-1.885682958549875e-07 meter ** 3 / mole,1.5237597742692935e-08 meter ** 3 / mole,,,,,,,,
35,298.15 kelvin,101.0 kilopascal,2,2,C(CCO)CO,0.7947,O,0.20530000000000004,,,,,,,-4.937016191960538 kilogram * meter ** 2 / mole / second ** 2,16.607789257925717 kilogram * meter ** 2 / mole / second ** 2,,
36,298.15 kelvin,101.325 kilopascal,2,1,C(CCO)CO,1.0,,,,,75803.71949835072 kilogram * meter ** 2 / mole / second ** 2,277.2586205984784 kilogram * meter ** 2 / mole / second ** 2,1.026172626618812 gram / milliliter,0.0004036247030039107 gram / milliliter,,,,
37,298.15 kelvin,101.325 kilopascal,2,1,C(CCl)CBr,1.0,,,,,,,1.452697521931603 gram / milliliter,0.0003392117556660078 gram / milliliter,,,,
38,298.15 kelvin,101.0 kilopascal,2,2,C(CO)CO,0.2087,O,0.7913,,,,,,,111.82801325205219 kilogram * meter ** 2 / mole / second ** 2,17.700495509923435 kilogram * meter ** 2 / mole / second ** 2,,
39,298.15 kelvin,101.0 kilopascal,2,2,O,0.7551,C(CO)CO,0.2449,-2.2664078149543476e-07 meter ** 3 / mole,1.3221424888559332e-08 meter ** 3 / mole,,,,,,,,
40,298.15 kelvin,101.0 kilopascal,2,2,C(CO)CO,0.743,O,0.257,,,,,,,33.923989034607075 kilogram * meter ** 2 / mole / second ** 2,16.48992733909952 kilogram * meter ** 2 / mole / second ** 2,,
41,298.15 kelvin,101.0 kilopascal,2,2,O,0.2554,C(CO)CO,0.7446,-2.0044675402919532e-07 meter ** 3 / mole,1.5117291728778194e-08 meter ** 3 / mole,,,,,,,,
42,298.15 kelvin,101.325 kilopascal,2,1,C(CO)CO,1.0,,,,,67943.83108813953 kilogram * meter ** 2 / mole / second ** 2,254.5489277671824 kilogram * meter ** 2 / mole / second ** 2,1.0612485265024465 gram / milliliter,0.0002653016029570332 gram / milliliter,,,,
43,303.15 kelvin,101.325 kilopascal,2,1,C(CO)N(CCO)CCO,1.0,,,,,,,1.1655190195596261 gram / milliliter,0.00025302622772718726 gram / milliliter,,,7.519266470347525 dimensionless,1.1924594577056855 dimensionless
44,303.15 kelvin,101.325 kilopascal,2,1,C(CO)NCCO,1.0,,,,,,,1.1325213483634964 gram / milliliter,0.00033092419558122625 gram / milliliter,,,3.7954221920146844 dimensionless,0.8013340634733921 dimensionless
45,303.15 kelvin,101.0 kilopascal,2,1,C(CO)N,1.0,,,,,,,1.0697733362722943 gram / milliliter,0.0001852254873999159 gram / milliliter,,,16.05872947417471 dimensionless,1.073551035491497 dimensionless
46,298.15 kelvin,101.0 kilopascal,2,2,C(CO)O,0.20509999999999995,O,0.7949,,,,,,,-50.920734515199 kilogram * meter ** 2 / mole / second ** 2,17.017761382469708 kilogram * meter ** 2 / mole / second ** 2,,
47,298.15 kelvin,101.0 kilopascal,2,2,C(CO)O,0.25008,O,0.7499199999999999,-2.5139045849435527e-07 meter ** 3 / mole,1.0178531845407672e-08 meter ** 3 / mole,,,,,,,,
48,298.15 kelvin,101.0 kilopascal,2,2,C(CO)O,0.77876,O,0.22124,-1.134703313956329e-07 meter ** 3 / mole,1.3507514474731439e-08 meter ** 3 / mole,,,,,,,,
49,298.15 kelvin,101.0 kilopascal,2,2,C(CO)O,0.7908999999999999,O,0.2091,,,,,,,57.338405277936545 kilogram * meter ** 2 / mole / second ** 2,16.217128453608353 kilogram * meter ** 2 / mole / second ** 2,,
50,298.15 kelvin,101.325 kilopascal,2,1,C(CO)O,1.0,,,,,58993.26113310726 kilogram * meter ** 2 / mole / second ** 2,206.5665134034571 kilogram * meter ** 2 / mole / second ** 2,1.1235812031932604 gram / milliliter,0.00035869549582762567 gram / milliliter,,,,
51,303.15 kelvin,101.325 kilopascal,2,1,C(CO)O,1.0,,,,,,,1.1190748542806697 gram / milliliter,0.0002185497934497084 gram / milliliter,,,21.330396769630827 dimensionless,1.4191882791422386 dimensionless
52,298.15 kelvin,101.0 kilopascal,2,2,C(COCCO)O,0.20020000000000004,O,0.7998,,,,,,,-72.40615521299151 kilogram * meter ** 2 / mole / second ** 2,17.376770633096683 kilogram * meter ** 2 / mole / second ** 2,,
53,298.15 kelvin,101.0 kilopascal,2,2,C(COCCO)O,0.7906,O,0.2094,,,,,,,126.91719070028921 kilogram * meter ** 2 / mole / second ** 2,16.700389621884916 kilogram * meter ** 2 / mole / second ** 2,,
54,298.15 kelvin,101.0 kilopascal,2,1,C(COCCO)O,1.0,,,,,,,1.163461386614085 gram / milliliter,0.000318130694761534 gram / milliliter,,,8.63833820895022 dimensionless,1.1745800644870241 dimensionless
55,298.15 kelvin,101.0 kilopascal,2,1,C(COCCOCCO)O,1.0,,,,,,,1.1793472765010509 gram / milliliter,0.0003556101742162957 gram / milliliter,,,5.579972705003314 dimensionless,0.9618969856425301 dimensionless
56,298.15 kelvin,101.325 kilopascal,2,1,C(Cl)(Cl)(Cl)Br,1.0,,,,,,,1.8967783034561796 gram / milliliter,0.00040316888236999687 gram / milliliter,,,,
57,298.15 kelvin,101.0 kilopascal,2,2,CCC#N,0.7326,C(Cl)(Cl)(Cl)Cl,0.2674,,,,,,,741.3128742663812 kilogram * meter ** 2 / mole / second ** 2,15.998980864526581 kilogram * meter ** 2 / mole / second ** 2,,
58,298.15 kelvin,101.0 kilopascal,2,2,CCC#N,0.2551,C(Cl)(Cl)(Cl)Cl,0.7449,,,,,,,1003.1848552289165 kilogram * meter ** 2 / mole / second ** 2,16.410918268317413 kilogram * meter ** 2 / mole / second ** 2,,
59,298.15 kelvin,101.325 kilopascal,2,1,C(Cl)(Cl)(Cl)Cl,1.0,,,,,,,1.6176027251338436 gram / milliliter,0.0003682217707460742 gram / milliliter,,,,
60,298.15 kelvin,101.325 kilopascal,6,1,C/C=C/C=C/COC(=O)C,1.0,,,,,64726.91073006887 kilogram * meter ** 2 / mole / second ** 2,321.441489759396 kilogram * meter ** 2 / mole / second ** 2,,,,,,
61,298.15 kelvin,101.0 kilopascal,2,1,C1CC(=O)OC1,1.0,,,,,,,1.1401530256141825 gram / milliliter,8.582182230656268e-05 gram / milliliter,,,32.24072630007694 dimensionless,1.4134719823400088 dimensionless
62,298.15 kelvin,101.325 kilopascal,2,1,C1CCC(=O)C1,1.0,,,,,,,0.9287989732714581 gram / milliliter,0.0002635177359587837 gram / milliliter,,,9.129504265077355 dimensionless,1.1843720636338497 dimensionless
63,298.15 kelvin,101.0 kilopascal,2,2,CS(=O)C,0.7569,C1CCC(=O)CC1,0.2431,,,,,,,381.1825425737916 kilogram * meter ** 2 / mole / second ** 2,16.32406610496948 kilogram * meter ** 2 / mole / second ** 2,,
64,303.15 kelvin,101.0 kilopascal,2,2,CS(=O)C,0.7218,C1CCC(=O)CC1,0.2782,6.752457638487821e-08 meter ** 3 / mole,1.8682646279115182e-08 meter ** 3 / mole,,,,,,,,
65,298.15 kelvin,101.0 kilopascal,2,2,CS(=O)C,0.2762,C1CCC(=O)CC1,0.7238,,,,,,,387.0835340244994 kilogram * meter ** 2 / mole / second ** 2,17.149710560065433 kilogram * meter ** 2 / mole / second ** 2,,
66,303.15 kelvin,101.0 kilopascal,2,2,CS(=O)C,0.2241,C1CCC(=O)CC1,0.7759,1.4054583439699058e-07 meter ** 3 / mole,1.6277103915050587e-08 meter ** 3 / mole,,,,,,,,
67,298.15 kelvin,101.325 kilopascal,2,1,C1CCC(=O)CC1,1.0,,,,,,,0.9337613078306595 gram / milliliter,0.00023386328847267273 gram / milliliter,,,10.971171098309288 dimensionless,1.1105712250225004 dimensionless
68,298.15 kelvin,101.325 kilopascal,2,1,C1CCOC1,1.0,,,,,,,0.9131111533590207 gram / milliliter,0.0003082970995581213 gram / milliliter,,,,
69,298.15 kelvin,101.0 kilopascal,2,1,C1CCS(=O)(=O)C1,1.0,,,,,,,1.325303676236634 gram / milliliter,0.0003699209174123339 gram / milliliter,,,4.896403762120546 dimensionless,0.9001369425405111 dimensionless
70,313.15 kelvin,101.0 kilopascal,2,2,C1COCCN1,0.2968,O,0.7032,,,,,,,-1739.347404013075 kilogram * meter ** 2 / mole / second ** 2,18.382132901495947 kilogram * meter ** 2 / mole / second ** 2,,
71,298.15 kelvin,101.325 kilopascal,2,1,C1COCCN1,1.0,,,,,,,1.1032822853647815 gram / milliliter,0.0003857967983164262 gram / milliliter,,,,
72,293.0 kelvin,101.325 kilopascal,2,1,C=CCCl,1.0,,,,,,,0.8810470262898292 gram / milliliter,0.0003667626706551639 gram / milliliter,,,,
73,298.15 kelvin,101.325 kilopascal,2,1,CC(=C)C(=O)OCCO,1.0,,,,,,,1.0971664220802417 gram / milliliter,0.0003254242935587976 gram / milliliter,,,,
74,298.15 kelvin,101.325 kilopascal,6,1,CC(=CCOC(=O)C)C,1.0,,,,,59001.93264933246 kilogram * meter ** 2 / mole / second ** 2,287.8492590798267 kilogram * meter ** 2 / mole / second ** 2,,,,,,
75,303.15 kelvin,101.325 kilopascal,2,1,CC(=O)N(C)C,1.0,,,,,,,0.935615655835981 gram / milliliter,0.00020747362696272372 gram / milliliter,,,24.381669466133175 dimensionless,1.4891556728385278 dimensionless
76,298.15 kelvin,101.325 kilopascal,6,1,CC(=O)OCCc1ccccc1,1.0,,,,,75677.3435875618 kilogram * meter ** 2 / mole / second ** 2,249.10604059532716 kilogram * meter ** 2 / mole / second ** 2,,,,,,
77,318.15 kelvin,101.32 kilopascal,2,2,CC(C)(C)O,0.7696000000000001,CC(=O)OC,0.2304,,,,,,,85.82261073674454 kilogram * meter ** 2 / mole / second ** 2,18.431287963921257 kilogram * meter ** 2 / mole / second ** 2,,
78,303.15 kelvin,101.32 kilopascal,2,2,CC(C)(C)O,0.7519,CC(=O)OC,0.2481,3.011803325380963e-07 meter ** 3 / mole,1.6680796886752655e-08 meter ** 3 / mole,,,,,,,,
79,303.15 kelvin,101.32 kilopascal,2,2,CC(C)(C)O,0.25680000000000003,CC(=O)OC,0.7432,2.7156987247860416e-07 meter ** 3 / mole,1.6804490089897804e-08 meter ** 3 / mole,,,,,,,,
80,318.15 kelvin,101.32 kilopascal,2,2,CC(C)(C)O,0.2372,CC(=O)OC,0.7628,,,,,,,164.76124117762083 kilogram * meter ** 2 / mole / second ** 2,18.45496224043235 kilogram * meter ** 2 / mole / second ** 2,,
81,298.15 kelvin,101.325 kilopascal,2,1,CC(=O)OC,1.0,,,,,,,0.968683065563653 gram / milliliter,0.0002678375165511188 gram / milliliter,,,,
82,298.15 kelvin,101.325 kilopascal,6,1,CC(=O)c1cccc(c1)OC,1.0,,,,,77326.56961332427 kilogram * meter ** 2 / mole / second ** 2,228.67143911361524 kilogram * meter ** 2 / mole / second ** 2,,,,,,
83,298.15 kelvin,101.325 kilopascal,6,1,CC(=O)c1ccccc1OC,1.0,,,,,71948.15338917362 kilogram * meter ** 2 / mole / second ** 2,208.72028601783663 kilogram * meter ** 2 / mole / second ** 2,,,,,,
84,298.15 kelvin,101.325 kilopascal,6,1,CC(=O)c1ccco1,1.0,,,,,53288.23306884124 kilogram * meter ** 2 / mole / second ** 2,237.9818641454616 kilogram * meter ** 2 / mole / second ** 2,,,,,,
85,298.15 kelvin,101.0 kilopascal,2,1,CC(=O)c1cccs1,1.0,,,,,,,1.158717529911507 gram / milliliter,0.00013891555657394598 gram / milliliter,,,16.571024298675184 dimensionless,1.2969961747723808 dimensionless
86,299.15 kelvin,101.32 kilopascal,2,2,CC(C)(C)O,0.27780000000000005,COC=O,0.7222,3.066159783614644e-07 meter ** 3 / mole,1.3779046715477623e-08 meter ** 3 / mole,,,,,891.6461535093968 kilogram * meter ** 2 / mole / second ** 2,19.134597025237323 kilogram * meter ** 2 / mole / second ** 2,,
87,299.15 kelvin,101.32 kilopascal,2,2,CC(C)(C)O,0.7127,COC=O,0.2873,,,,,,,913.7968560763329 kilogram * meter ** 2 / mole / second ** 2,17.47942970984733 kilogram * meter ** 2 / mole / second ** 2,,
88,299.15 kelvin,101.32 kilopascal,2,2,CC(C)(C)O,0.7581,COC=O,0.2419,3.590917379607349e-07 meter ** 3 / mole,1.5671069882808562e-08 meter ** 3 / mole,,,,,,,,
89,298.15 kelvin,100.0 kilopascal,2,1,CC(C)(C)O,1.0,,,,,,,0.8085341240048979 gram / milliliter,0.0003498325156392807 gram / milliliter,,,7.531890903206518 dimensionless,1.2650378170484868 dimensionless
90,303.15 kelvin,101.325 kilopascal,2,1,CC(C)(CO)N,1.0,,,,,,,0.9712369520703452 gram / milliliter,0.00027126555976757363 gram / milliliter,,,7.847252290132005 dimensionless,1.454990076286357 dimensionless
91,298.15 kelvin,101.0 kilopascal,2,1,CC(C)CO,1.0,,,,,,,0.8113296784187943 gram / milliliter,0.0002713762965206646 gram / milliliter,,,4.781315445293837 dimensionless,0.6537480923665511 dimensionless
92,300.15 kelvin,101.325 kilopascal,2,1,CC(C)O,1.0,,,,,,,0.794558646267192 gram / milliliter,0.00029643897933339676 gram / milliliter,,,8.40720807457118 dimensionless,0.9370141724312101 dimensionless
93,289.15 kelvin,101.325 kilopascal,2,1,CC=O,1.0,,,,,,,0.7948134418363912 gram / milliliter,0.0003141995039112415 gram / milliliter,,,,
94,298.15 kelvin,101.325 kilopascal,2,1,CCC#N,1.0,,,,,,,0.7724953850204096 gram / milliliter,0.00023339433903474716 gram / milliliter,,,,
95,298.15 kelvin,101.0 kilopascal,2,2,CS(=O)C,0.7615000000000001,CCC(=O)C,0.2385,,,,,,,288.76239535590867 kilogram * meter ** 2 / mole / second ** 2,17.680902123017237 kilogram * meter ** 2 / mole / second ** 2,,
96,303.15 kelvin,101.0 kilopascal,2,2,CS(=O)C,0.7340000000000001,CCC(=O)C,0.266,-3.8455621992003215e-07 meter ** 3 / mole,1.681461870947785e-08 meter ** 3 / mole,,,,,,,,
97,298.15 kelvin,101.0 kilopascal,2,2,CS(=O)C,0.22030000000000005,CCC(=O)C,0.7797,,,,,,,236.82237609705408 kilogram * meter ** 2 / mole / second ** 2,16.705703486633283 kilogram * meter ** 2 / mole / second ** 2,,
98,303.15 kelvin,101.0 kilopascal,2,2,CS(=O)C,0.212,CCC(=O)C,0.7879999999999999,-3.439439816910124e-07 meter ** 3 / mole,1.5405809162796064e-08 meter ** 3 / mole,,,,,,,,
99,298.15 kelvin,101.325 kilopascal,2,1,CCC(=O)C,1.0,,,,,,,0.7829319961209802 gram / milliliter,0.000313115499632893 gram / milliliter,,,,
100,298.15 kelvin,101.3 kilopascal,2,2,O,0.997803,CCCC(=O)OC,0.002197,,,,,,,-9.064921317076369 kilogram * meter ** 2 / mole / second ** 2,15.170917358878137 kilogram * meter ** 2 / mole / second ** 2,,
101,298.15 kelvin,101.325 kilopascal,2,1,CCCC(=O)OC,1.0,,,,,,,0.9182199761735261 gram / milliliter,0.00024718354979096736 gram / milliliter,,,,
102,298.15 kelvin,100.0 kilopascal,2,1,CCCCCCCCO,1.0,,,,,,,0.827531802905176 gram / milliliter,0.00018878910593393252 gram / milliliter,,,1.596112303111106 dimensionless,0.1447234174500072 dimensionless
103,298.15 kelvin,100.0 kilopascal,2,1,CCCCCCCO,1.0,,,,,,,0.8225590797270736 gram / milliliter,0.00023796376770852205 gram / milliliter,,,2.8058216344318896 dimensionless,0.27143181686738904 dimensionless
104,298.15 kelvin,101.0 kilopascal,2,2,c1ccccc1,0.772,CCCCCCCl,0.228,4.494041764994879e-07 meter ** 3 / mole,1.8376624576183464e-08 meter ** 3 / mole,,,,,,,,
105,298.15 kelvin,101.0 kilopascal,2,2,c1ccccc1,0.7352,CCCCCCCl,0.26480000000000004,,,,,,,292.2009734362364 kilogram * meter ** 2 / mole / second ** 2,17.42604342206465 kilogram * meter ** 2 / mole / second ** 2,,
106,298.15 kelvin,101.0 kilopascal,2,2,c1ccccc1,0.2877,CCCCCCCl,0.7122999999999999,3.2529592656753317e-07 meter ** 3 / mole,1.8531505853258207e-08 meter ** 3 / mole,,,,,,,,
107,298.15 kelvin,101.0 kilopascal,2,2,c1ccccc1,0.2862,CCCCCCCl,0.7138,,,,,,,187.6222771108005 kilogram * meter ** 2 / mole / second ** 2,18.354476045766802 kilogram * meter ** 2 / mole / second ** 2,,
108,298.15 kelvin,101.325 kilopascal,2,1,CCCCCCCl,1.0,,,,,,,0.8660767414278022 gram / milliliter,0.00018639595659775517 gram / milliliter,,,,
109,298.15 kelvin,100.0 kilopascal,2,1,CCCCCCO,1.0,,,,,,,0.817494085368499 gram / milliliter,0.0002413225691936676 gram / milliliter,,,3.966805317594392 dimensionless,0.5526364765063596 dimensionless
110,298.15 kelvin,101.325 kilopascal,2,1,CCCCCO,1.0,,,,,,,0.8110863885468197 gram / milliliter,0.000260758742328075 gram / milliliter,,,6.29876070265443 dimensionless,0.6587771845966278 dimensionless
111,298.15 kelvin,101.325 kilopascal,2,1,CCCCOC(=O)C,1.0,,,,,,,0.9008503166269092 gram / milliliter,0.0002590818795060256 gram / milliliter,,,,
112,298.15 kelvin,101.325 kilopascal,2,1,CCCCOC=O,1.0,,,,,,,0.9305769849563384 gram / milliliter,0.00026766299191934755 gram / milliliter,,,,
113,298.15 kelvin,101.0 kilopascal,2,1,CCCCO,1.0,,,,,,,0.8043813695468263 gram / milliliter,0.00029365046286756265 gram / milliliter,,,6.342882076494075 dimensionless,0.8471724238439201 dimensionless
114,318.15 kelvin,101.3 kilopascal,2,2,O,0.997504,CCCOC(=O)C,0.002496,,,,,,,-5.7534062293416355 kilogram * meter ** 2 / mole / second ** 2,15.77139603932277 kilogram * meter ** 2 / mole / second ** 2,,
115,298.15 kelvin,101.325 kilopascal,2,1,CCCOC(=O)C,1.0,,,,,,,0.9106231364143595 gram / milliliter,0.0002944991830115942 gram / milliliter,,,,
116,298.15 kelvin,101.0 kilopascal,2,1,CCCOCCO,1.0,,,,,,,0.9307537854689933 gram / milliliter,0.00027098506265028005 gram / milliliter,,,4.511019065174397 dimensionless,0.5680389269378684 dimensionless
117,300.15 kelvin,101.325 kilopascal,2,1,CCCO,1.0,,,,,,,0.7970518309437756 gram / milliliter,0.00036051254160973157 gram / milliliter,,,7.297769964916133 dimensionless,0.7768255903013846 dimensionless
118,298.15 kelvin,101.325 kilopascal,6,1,CCOC(=O)/C=C(/C)\O,1.0,,,,,58714.040527213256 kilogram * meter ** 2 / mole / second ** 2,289.80700162274286 kilogram * meter ** 2 / mole / second ** 2,,,,,,
119,298.15 kelvin,101.325 kilopascal,6,1,CCOC(=O)CN=[N+]=[N-],1.0,,,,,66603.8310633786 kilogram * meter ** 2 / mole / second ** 2,188.04949846862667 kilogram * meter ** 2 / mole / second ** 2,,,,,,
120,298.15 kelvin,101.325 kilopascal,6,1,CCOC(=O)c1cccs1,1.0,,,,,69873.70213736955 kilogram * meter ** 2 / mole / second ** 2,286.9534090833168 kilogram * meter ** 2 / mole / second ** 2,,,,,,
121,303.15 kelvin,101.325 kilopascal,2,1,CCO,1.0,,,,,,,0.7819820612605942 gram / milliliter,0.0004362127740562874 gram / milliliter,,,11.626510163515126 dimensionless,0.9697429598115058 dimensionless
122,298.15 kelvin,101.325 kilopascal,6,1,CCc1ccc(s1)C=O,1.0,,,,,61933.909041978164 kilogram * meter ** 2 / mole / second ** 2,453.1289493788118 kilogram * meter ** 2 / mole / second ** 2,,,,,,
123,303.15 kelvin,101.325 kilopascal,2,1,CN(C)C=O,1.0,,,,,,,0.9835004162097891 gram / milliliter,0.00015392849024191594 gram / milliliter,,,24.763984523984018 dimensionless,1.2598424706419207 dimensionless
124,303.15 kelvin,101.325 kilopascal,2,1,CN(C)CCO,1.0,,,,,,,0.9365976346928965 gram / milliliter,0.00019710914551338606 gram / milliliter,,,12.77187855787198 dimensionless,1.336328419850068 dimensionless
125,303.15 kelvin,101.325 kilopascal,2,1,CN(CCO)CCO,1.0,,,,,,,1.0773216869921303 gram / milliliter,0.0002913877205833175 gram / milliliter,,,3.57710619211625 dimensionless,0.44659721302786437 dimensionless
126,298.15 kelvin,101.0 kilopascal,2,2,CN1CCCCC1,0.004409000000000001,O,0.995591,,,,,,,-127.34466374453041 kilogram * meter ** 2 / mole / second ** 2,15.52373013578172 kilogram * meter ** 2 / mole / second ** 2,,
127,298.15 kelvin,101.0 kilopascal,2,2,CN1CCCCC1,0.2452,O,0.7548,-6.595532290908359e-07 meter ** 3 / mole,1.3139771631421811e-08 meter ** 3 / mole,,,,,,,,
128,308.15 kelvin,101.0 kilopascal,2,2,CN1CCCCC1,0.78,O,0.22,-4.808891989283243e-07 meter ** 3 / mole,1.5126502829133e-08 meter ** 3 / mole,,,,,,,,
129,298.15 kelvin,101.325 kilopascal,2,1,CN1CCCCC1,1.0,,,,,,,0.8677094299599427 gram / milliliter,0.0002669154816783576 gram / milliliter,,,,
130,298.15 kelvin,101.325 kilopascal,2,1,COC=O,1.0,,,,,,,1.055771408293606 gram / milliliter,0.00036545943378905464 gram / milliliter,,,,
131,298.15 kelvin,101.325 kilopascal,6,1,COc1cccc(c1)O,1.0,,,,,73221.91065671321 kilogram * meter ** 2 / mole / second ** 2,205.40484363543146 kilogram * meter ** 2 / mole / second ** 2,,,,,,
132,298.15 kelvin,101.325 kilopascal,6,1,COc1cccc(c1OC)O,1.0,,,,,78208.95556961873 kilogram * meter ** 2 / mole / second ** 2,330.9899005678023 kilogram * meter ** 2 / mole / second ** 2,,,,,,
133,298.15 kelvin,101.325 kilopascal,6,1,COc1ccccn1,1.0,,,,,53434.98316475558 kilogram * meter ** 2 / mole / second ** 2,275.39273429492124 kilogram * meter ** 2 / mole / second ** 2,,,,,,
134,298.15 kelvin,101.325 kilopascal,6,1,COc1ccncc1,1.0,,,,,59029.24917435143 kilogram * meter ** 2 / mole / second ** 2,269.2854436030929 kilogram * meter ** 2 / mole / second ** 2,,,,,,
135,298.15 kelvin,101.0 kilopascal,2,2,CO,0.2,O,0.8,,,,,,,-197.5721376522015 kilogram * meter ** 2 / mole / second ** 2,15.839281573964366 kilogram * meter ** 2 / mole / second ** 2,,
136,298.15 kelvin,100.0 kilopascal,2,2,O,0.75,CO,0.25,-8.303711537303529e-07 meter ** 3 / mole,1.5133349029237568e-08 meter ** 3 / mole,,,,,,,,
137,298.15 kelvin,100.0 kilopascal,2,2,O,0.25,CO,0.75,-7.285522953129079e-07 meter ** 3 / mole,1.4120137848299959e-08 meter ** 3 / mole,,,,,,,,
138,298.15 kelvin,101.0 kilopascal,2,2,CO,0.8,O,0.2,,,,,,,-73.04006101870573 kilogram * meter ** 2 / mole / second ** 2,15.809564578698321 kilogram * meter ** 2 / mole / second ** 2,,
139,298.15 kelvin,101.0 kilopascal,2,1,CO,1.0,,,,,,,0.7776235324105426 gram / milliliter,0.00038053435190648575 gram / milliliter,,,15.464410917189346 dimensionless,0.7716235888134396 dimensionless
140,303.15 kelvin,101.0 kilopascal,2,1,CS(=O)C,1.0,,,,,,,1.1243365930751636 gram / milliliter,9.380422323667077e-05 gram / milliliter,,,51.90360288133748 dimensionless,1.4765488308102035 dimensionless
141,303.15 kelvin,101.325 kilopascal,2,1,CSSC,1.0,,,,,,,1.0278532761215047 gram / milliliter,0.00030532281910388125 gram / milliliter,,,,
142,298.15 kelvin,101.325 kilopascal,6,1,Cc1cc(sc1)C(=O)C,1.0,,,,,64203.00198392808 kilogram * meter ** 2 / mole / second ** 2,193.2297017996743 kilogram * meter ** 2 / mole / second ** 2,,,,,,
143,298.15 kelvin,101.325 kilopascal,6,1,Cc1ccc(s1)C=O,1.0,,,,,56204.84011747812 kilogram * meter ** 2 / mole / second ** 2,242.20799542138334 kilogram * meter ** 2 / mole / second ** 2,,,,,,
144,298.15 kelvin,101.0 kilopascal,2,2,Cc1cccc(n1)C,0.004618,O,0.995382,,,,,,,-69.3623841025983 kilogram * meter ** 2 / mole / second ** 2,15.076949768145912 kilogram * meter ** 2 / mole / second ** 2,,
145,298.15 kelvin,101.325 kilopascal,2,1,Cc1cccc(n1)C,1.0,,,,,,,0.9169344256863108 gram / milliliter,0.0002860824645156702 gram / milliliter,,,,
146,298.15 kelvin,101.0 kilopascal,2,2,Cc1ccccc1N,0.2374,c1ccncc1,0.7626,-3.503108350682915e-07 meter ** 3 / mole,1.8574773628997564e-08 meter ** 3 / mole,,,,,,,,
147,298.15 kelvin,101.0 kilopascal,2,2,Cc1ccccc1N,0.2655,Cc1ccncc1,0.7344999999999999,-3.117119105479322e-07 meter ** 3 / mole,1.703617742275821e-08 meter ** 3 / mole,,,,,,,,
148,308.15 kelvin,101.0 kilopascal,2,2,Cc1ccccc1N,0.2681,c1ccncc1,0.7319,,,,,,,-1286.7014944340808 kilogram * meter ** 2 / mole / second ** 2,18.897735156518454 kilogram * meter ** 2 / mole / second ** 2,,
149,308.15 kelvin,101.0 kilopascal,2,2,Cc1ccccc1N,0.2715,Cc1ccncc1,0.7284999999999999,,,,,,,-1170.3136315021984 kilogram * meter ** 2 / mole / second ** 2,18.379145510643127 kilogram * meter ** 2 / mole / second ** 2,,
150,298.15 kelvin,101.0 kilopascal,2,2,Cc1ccccc1N,0.7674,Cc1ccncc1,0.2326000000000001,-1.9835933598784546e-07 meter ** 3 / mole,1.6380715644682045e-08 meter ** 3 / mole,,,,,,,,
151,298.15 kelvin,101.0 kilopascal,2,2,Cc1ccccc1N,0.7678,c1ccncc1,0.2322,-2.724698881513923e-07 meter ** 3 / mole,1.622130941486765e-08 meter ** 3 / mole,,,,,,,,
152,308.15 kelvin,101.0 kilopascal,2,2,Cc1ccccc1N,0.7735,c1ccncc1,0.2265000000000001,,,,,,,-944.6012353289552 kilogram * meter ** 2 / mole / second ** 2,16.2991511993358 kilogram * meter ** 2 / mole / second ** 2,,
153,308.15 kelvin,101.0 kilopascal,2,2,Cc1ccccc1N,0.7827,Cc1ccncc1,0.21730000000000005,,,,,,,-824.8008400059553 kilogram * meter ** 2 / mole / second ** 2,17.964440082699415 kilogram * meter ** 2 / mole / second ** 2,,
154,298.15 kelvin,101.325 kilopascal,2,1,Cc1ccccc1N,1.0,,,,,,,1.0114691739142174 gram / milliliter,0.00023469726080238077 gram / milliliter,,,,
155,298.15 kelvin,101.0 kilopascal,2,2,Cc1cccnc1,0.005509,O,0.994491,,,,,,,-36.66948239380872 kilogram * meter ** 2 / mole / second ** 2,14.620283197874343 kilogram * meter ** 2 / mole / second ** 2,,
156,298.15 kelvin,101.325 kilopascal,2,1,Cc1cccnc1,1.0,,,,,,,0.9395425369818945 gram / milliliter,0.00032637218584562975 gram / milliliter,,,,
157,298.15 kelvin,101.0 kilopascal,2,2,Cc1ccncc1,0.005492,O,0.994508,,,,,,,-31.295368443184998 kilogram * meter ** 2 / mole / second ** 2,14.641445827827402 kilogram * meter ** 2 / mole / second ** 2,,
158,298.15 kelvin,101.325 kilopascal,2,1,Cc1ccncc1,1.0,,,,,,,0.9425930513970013 gram / milliliter,0.000359878684676545 gram / milliliter,,,,
159,298.15 kelvin,101.325 kilopascal,6,1,Cc1ccsc1C#N,1.0,,,,,58909.05379642115 kilogram * meter ** 2 / mole / second ** 2,213.79183009075194 kilogram * meter ** 2 / mole / second ** 2,,,,,,
160,298.15 kelvin,101.325 kilopascal,6,1,Cc1ccsc1C(=O)C,1.0,,,,,62989.162974905565 kilogram * meter ** 2 / mole / second ** 2,191.12844371329848 kilogram * meter ** 2 / mole / second ** 2,,,,,,
161,298.15 kelvin,101.325 kilopascal,6,1,Cc1ccsc1C=O,1.0,,,,,60982.70583767334 kilogram * meter ** 2 / mole / second ** 2,227.84939561725844 kilogram * meter ** 2 / mole / second ** 2,,,,,,
162,298.15 kelvin,101.325 kilopascal,6,1,Cn1cccc1C(=O)OC,1.0,,,,,72673.14018012339 kilogram * meter ** 2 / mole / second ** 2,333.9440019380273 kilogram * meter ** 2 / mole / second ** 2,,,,,,
163,298.15 kelvin,101.0 kilopascal,2,2,Cn1ccnc1,0.006766,O,0.993234,,,,,,,-57.1472720569509 kilogram * meter ** 2 / mole / second ** 2,14.826623097673394 kilogram * meter ** 2 / mole / second ** 2,,
164,298.15 kelvin,101.325 kilopascal,2,1,Cn1ccnc1,1.0,,,,,,,1.0524345403129904 gram / milliliter,0.00026741877323672536 gram / milliliter,,,,
165,297.15 kelvin,101.0 kilopascal,2,2,c1ccncc1,0.75,O,0.25,,,,,,,210.83404357297331 kilogram * meter ** 2 / mole / second ** 2,16.30478873911831 kilogram * meter ** 2 / mole / second ** 2,,
166,297.15 kelvin,101.0 kilopascal,2,2,c1ccncc1,0.27,O,0.73,,,,,,,-11.886689870880218 kilogram * meter ** 2 / mole / second ** 2,16.30403978292682 kilogram * meter ** 2 / mole / second ** 2,,
167,296.3 kelvin,101.325 kilopascal,2,1,c1c(cc(c(c1F)F)F)F,1.0,,,,,,,1.245001695044805 gram / milliliter,0.0004199542477906955 gram / milliliter,,,,
168,298.15 kelvin,101.325 kilopascal,2,1,c1cc(cc(c1)Br)Cl,1.0,,,,,,,1.5163139054423762 gram / milliliter,0.0004288592493163061 gram / milliliter,,,,
169,298.15 kelvin,101.325 kilopascal,6,1,c1cc(cc(c1)Cl)F,1.0,,,,,38722.04019277697 kilogram * meter ** 2 / mole / second ** 2,240.34918265183686 kilogram * meter ** 2 / mole / second ** 2,,,,,,
170,296.1 kelvin,101.325 kilopascal,2,1,c1cc(ccc1F)F,1.0,,,,,,,1.0666825960373907 gram / milliliter,0.0003587903835418703 gram / milliliter,,,,
171,298.15 kelvin,101.325 kilopascal,6,1,c1cc(sc1)CC#N,1.0,,,,,60830.82442161858 kilogram * meter ** 2 / mole / second ** 2,251.92966902106795 kilogram * meter ** 2 / mole / second ** 2,,,,,,
172,298.15 kelvin,101.325 kilopascal,2,1,c1cc[nH]c1,1.0,,,,,,,0.9962856941015972 gram / milliliter,0.0003499450597271517 gram / milliliter,,,,
173,298.15 kelvin,101.325 kilopascal,2,1,c1ccc(c(c1)Cl)Br,1.0,,,,,,,1.531016124626994 gram / milliliter,0.0004121985569754147 gram / milliliter,,,,
174,298.15 kelvin,101.325 kilopascal,6,1,c1ccc(c(c1)F)Br,1.0,,,,,43473.57845283364 kilogram * meter ** 2 / mole / second ** 2,248.24696188877692 kilogram * meter ** 2 / mole / second ** 2,,,,,,
175,298.15 kelvin,101.325 kilopascal,6,1,c1ccc(c(c1)F)Cl,1.0,,,,,40658.11369759334 kilogram * meter ** 2 / mole / second ** 2,177.46084159367734 kilogram * meter ** 2 / mole / second ** 2,,,,,,
176,298.15 kelvin,101.325 kilopascal,2,1,c1ccc2c(c1)ccs2,1.0,,,,,,,1.153293503019753 gram / milliliter,0.0003388486081954024 gram / milliliter,,,,
177,298.15 kelvin,101.325 kilopascal,2,1,c1ccccc1,1.0,,,,,,,0.8532380855498461 gram / milliliter,0.0004253366260717116 gram / milliliter,,,,
178,298.0 kelvin,101.325 kilopascal,6,1,c1ccccc1,1.0,,,,,31650.860425282088 kilogram * meter ** 2 / mole / second ** 2,152.06987870464988 kilogram * meter ** 2 / mole / second ** 2,,,,,,
179,298.15 kelvin,101.325 kilopascal,2,1,c1ccncc1,1.0,,,,,,,0.9782460236249478 gram / milliliter,0.00036763227037866635 gram / milliliter,,,,
180,293.15 kelvin,101.325 kilopascal,2,1,c1ccoc1,1.0,,,,,,,0.9714480452641022 gram / milliliter,0.0003992624135391702 gram / milliliter,,,,
181,298.15 kelvin,101.0 kilopascal,2,1,c1cnc(nc1O)O,1.0,,,,,,,1.4427674556851604 gram / milliliter,0.00029793132348162726 gram / milliliter,,,,
182,298.15 kelvin,101.325 kilopascal,6,1,c1coc2c1C(=O)CCC2,1.0,,,,,71611.65892043666 kilogram * meter ** 2 / mole / second ** 2,209.8875383546483 kilogram * meter ** 2 / mole / second ** 2,,,,,,
183,298.15 kelvin,101.325 kilopascal,6,1,c1cscc1CC#N,1.0,,,,,62827.278385376 kilogram * meter ** 2 / mole / second ** 2,258.46845906540017 kilogram * meter ** 2 / mole / second ** 2,,,,,,
